Id,Designation,Comment,G,h,b,tw,tf,r,d,cw/tw,cf/tf,C,N,n,m2/m1,m2/T,Iy,Iz,iy,iz,Wely,Welz,Wply,Wplz,U,X,Iw,IT,A,e0,r1,r2,cy,cz,Iu,Iv,iu,iv,?a min,?a max,Tan ?,?a,d/t,Wt
,21.3x2.6 CHS,-,1.2,21.3,21.3,2.6,2.6,,,,,,,,0.067,55.9,0.681,0.681,0.668,0.668,0.639,0.639,0.915,0.915,,,,1.36,1.53,,,,,,,,,,,,,,8.19,1.28
,21.3x2.9 CHS,-,1.32,21.3,21.3,2.9,2.9,,,,,,,,0.067,50.9,0.727,0.727,0.659,0.659,0.683,0.683,0.99,0.99,,,,1.45,1.68,,,,,,,,,,,,,,7.34,1.37
,21.3x3.2 CHS,-,1.43,21.3,21.3,3.2,3.2,,,,,,,,0.067,46.9,0.768,0.768,0.65,0.65,0.722,0.722,1.06,1.06,,,,1.54,1.82,,,,,,,,,,,,,,6.66,1.44
,26.9x2.6 CHS,-,1.56,26.9,26.9,2.6,2.6,,,,,,,,0.085,54.6,1.48,1.48,0.864,0.864,1.1,1.1,1.54,1.54,,,,2.96,1.98,,,,,,,,,,,,,,10.3,2.2
,26.9x2.9 CHS,-,1.72,26.9,26.9,2.9,2.9,,,,,,,,0.085,49.6,1.6,1.6,0.855,0.855,1.19,1.19,1.68,1.68,,,,3.19,2.19,,,,,,,,,,,,,,9.28,2.38
,26.9x3.2 CHS,-,1.87,26.9,26.9,3.2,3.2,,,,,,,,0.085,45.5,1.7,1.7,0.846,0.846,1.27,1.27,1.81,1.81,,,,3.41,2.38,,,,,,,,,,,,,,8.41,2.53
,26.9x3.6 CHS,-,2.07,26.9,26.9,3.6,3.6,,,,,,,,0.085,41.1,1.83,1.83,0.834,0.834,1.36,1.36,1.97,1.97,,,,3.66,2.64,,,,,,,,,,,,,,7.47,2.72
,33.7x2.6 CHS,-,1.99,33.7,33.7,2.6,2.6,,,,,,,,0.106,53.1,3.09,3.09,1.1,1.1,1.84,1.84,2.52,2.52,,,,6.19,2.54,,,,,,,,,,,,,,13,3.67
,33.7x2.9 CHS,-,2.2,33.7,33.7,2.9,2.9,,,,,,,,0.106,48.1,3.36,3.36,1.09,1.09,1.99,1.99,2.76,2.76,,,,6.71,2.81,,,,,,,,,,,,,,11.6,3.98
,33.7x3.2 CHS,-,2.41,33.7,33.7,3.2,3.2,,,,,,,,0.106,44,3.6,3.6,1.08,1.08,2.14,2.14,2.99,2.99,,,,7.21,3.07,,,,,,,,,,,,,,10.5,4.28
,33.7x3.6 CHS,-,2.67,33.7,33.7,3.6,3.6,,,,,,,,0.106,39.6,3.91,3.91,1.07,1.07,2.32,2.32,3.28,3.28,,,,7.82,3.4,,,,,,,,,,,,,,9.36,4.64
,33.7x4 CHS,-,2.93,33.7,33.7,4,4,,,,,,,,0.106,36.1,4.19,4.19,1.06,1.06,2.49,2.49,3.55,3.55,,,,8.38,3.73,,,,,,,,,,,,,,8.43,4.97
,33.7x4.5 CHS,-,3.24,33.7,33.7,4.5,4.5,,,,,,,,0.106,32.8,4.5,4.5,1.04,1.04,2.67,2.67,3.87,3.87,,,,9.01,4.13,,,,,,,,,,,,,,7.49,5.35
,33.7x5 CHS,-,3.54,33.7,33.7,5,5,,,,,,,,0.106,30,4.78,4.78,1.03,1.03,2.84,2.84,4.16,4.16,,,,9.57,4.51,,,,,,,,,,,,,,6.74,5.68
,42.4x2.6 CHS,-,2.55,42.4,42.4,2.6,2.6,,,,,,,,0.133,52.1,6.46,6.46,1.41,1.41,3.05,3.05,4.12,4.12,,,,12.9,3.25,,,,,,,,,,,,,,16.3,6.1
,42.4x2.9 CHS,-,2.82,42.4,42.4,2.9,2.9,,,,,,,,0.133,47.1,7.06,7.06,1.4,1.4,3.33,3.33,4.53,4.53,,,,14.1,3.6,,,,,,,,,,,,,,14.6,6.66
,42.4x3.2 CHS,-,3.09,42.4,42.4,3.2,3.2,,,,,,,,0.133,43,7.62,7.62,1.39,1.39,3.59,3.59,4.93,4.93,,,,15.2,3.94,,,,,,,,,,,,,,13.2,7.19
,42.4x3.6 CHS,-,3.44,42.4,42.4,3.6,3.6,,,,,,,,0.133,38.6,8.33,8.33,1.38,1.38,3.93,3.93,5.44,5.44,,,,16.7,4.39,,,,,,,,,,,,,,11.8,7.86
,42.4x4 CHS,-,3.79,42.4,42.4,4,4,,,,,,,,0.133,35.1,8.99,8.99,1.36,1.36,4.24,4.24,5.92,5.92,,,,18,4.83,,,,,,,,,,,,,,10.6,8.48
,42.4x4.5 CHS,-,4.21,42.4,42.4,4.5,4.5,,,,,,,,0.133,31.7,9.76,9.76,1.35,1.35,4.6,4.6,6.49,6.49,,,,19.5,5.36,,,,,,,,,,,,,,9.42,9.2
,42.4x5 CHS,-,4.61,42.4,42.4,5,5,,,,,,,,0.133,28.9,10.5,10.5,1.33,1.33,4.93,4.93,7.04,7.04,,,,20.9,5.87,,,,,,,,,,,,,,8.48,9.86
,48.3x2.6 CHS,-,2.93,48.3,48.3,2.6,2.6,,,,,,,,0.152,51.8,9.78,9.78,1.62,1.62,4.05,4.05,5.44,5.44,,,,19.6,3.73,,,,,,,,,,,,,,18.6,8.1
,48.3x2.9 CHS,-,3.25,48.3,48.3,2.9,2.9,,,,,,,,0.152,46.8,10.7,10.7,1.61,1.61,4.43,4.43,5.99,5.99,,,,21.4,4.14,,,,,,,,,,,,,,16.7,8.86
,48.3x3.2 CHS,-,3.56,48.3,48.3,3.2,3.2,,,,,,,,0.152,42.7,11.6,11.6,1.6,1.6,4.8,4.8,6.52,6.52,,,,23.2,4.53,,,,,,,,,,,,,,15.1,9.59
,48.3x3.6 CHS,-,3.97,48.3,48.3,3.6,3.6,,,,,,,,0.152,38.3,12.7,12.7,1.59,1.59,5.26,5.26,7.21,7.21,,,,25.4,5.06,,,,,,,,,,,,,,13.4,10.5
,48.3x4 CHS,-,4.37,48.3,48.3,4,4,,,,,,,,0.152,34.8,13.8,13.8,1.57,1.57,5.7,5.7,7.87,7.87,,,,27.5,5.57,,,,,,,,,,,,,,12.1,11.4
,48.3x4.5 CHS,-,4.86,48.3,48.3,4.5,4.5,,,,,,,,0.152,31.3,15,15,1.56,1.56,6.21,6.21,8.66,8.66,,,,30,6.19,,,,,,,,,,,,,,10.7,12.4
,48.3x5 CHS,-,5.34,48.3,48.3,5,5,,,,,,,,0.152,28.4,16.2,16.2,1.54,1.54,6.69,6.69,9.42,9.42,,,,32.3,6.8,,,,,,,,,,,,,,9.66,13.4
,48.3x5.6 CHS,-,5.9,48.3,48.3,5.6,5.6,,,,,,,,0.152,25.8,17.4,17.4,1.52,1.52,7.21,7.21,10.3,10.3,,,,34.8,7.51,,,,,,,,,,,,,,8.63,14.4
,48.3x6.3 CHS,-,6.53,48.3,48.3,6.3,6.3,,,,,,,,0.152,23.3,18.7,18.7,1.5,1.5,7.76,7.76,11.2,11.2,,,,37.5,8.31,,,,,,,,,,,,,,7.67,15.5
,60.3x2.6 CHS,-,3.7,60.3,60.3,2.6,2.6,,,,,,,,0.189,51,19.7,19.7,2.04,2.04,6.52,6.52,8.66,8.66,,,,39.3,4.71,,,,,,,,,,,,,,23.2,13
,60.3x2.9 CHS,-,4.11,60.3,60.3,2.9,2.9,,,,,,,,0.189,46.1,21.6,21.6,2.03,2.03,7.16,7.16,9.56,9.56,,,,43.2,5.23,,,,,,,,,,,,,,20.8,14.3
,60.3x3.2 CHS,-,4.51,60.3,60.3,3.2,3.2,,,,,,,,0.189,42,23.5,23.5,2.02,2.02,7.78,7.78,10.4,10.4,,,,46.9,5.74,,,,,,,,,,,,,,18.8,15.6
,60.3x3.6 CHS,-,5.03,60.3,60.3,3.6,3.6,,,,,,,,0.189,37.6,25.9,25.9,2.01,2.01,8.58,8.58,11.6,11.6,,,,51.7,6.41,,,,,,,,,,,,,,16.8,17.2
,60.3x4 CHS,-,5.55,60.3,60.3,4,4,,,,,,,,0.189,34,28.2,28.2,2,2,9.34,9.34,12.7,12.7,,,,56.3,7.07,,,,,,,,,,,,,,15.1,18.7
,60.3x4.5 CHS,-,6.19,60.3,60.3,4.5,4.5,,,,,,,,0.189,30.4,30.9,30.9,1.98,1.98,10.2,10.2,14,14,,,,61.8,7.89,,,,,,,,,,,,,,13.4,20.5
,60.3x5 CHS,-,6.82,60.3,60.3,5,5,,,,,,,,0.189,27.8,33.5,33.5,1.96,1.96,11.1,11.1,15.3,15.3,,,,67,8.69,,,,,,,,,,,,,,12.1,22.2
,60.3x5.6 CHS,-,7.55,60.3,60.3,5.6,5.6,,,,,,,,0.189,24.9,36.4,36.4,1.94,1.94,12.1,12.1,16.8,16.8,,,,72.7,9.62,,,,,,,,,,,,,,10.8,24.1
,60.3x6.3 CHS,-,8.39,60.3,60.3,6.3,6.3,,,,,,,,0.189,22.5,39.5,39.5,1.92,1.92,13.1,13.1,18.5,18.5,,,,79,10.7,,,,,,,,,,,,,,9.57,26.2
,60.3x8 CHS,-,10.3,60.3,60.3,8,8,,,,,,,,0.189,18.3,46,46,1.87,1.87,15.3,15.3,22.1,22.1,,,,92,13.1,,,,,,,,,,,,,,7.54,30.5
,76.1x2.9 CHS,-,5.24,76.1,76.1,2.9,2.9,,,,,,,,0.239,45.6,44.7,44.7,2.59,2.59,11.8,11.8,15.5,15.5,,,,89.5,6.67,,,,,,,,,,,,,,26.2,23.5
,76.1x3.2 CHS,-,5.75,76.1,76.1,3.2,3.2,,,,,,,,0.239,41.6,48.8,48.8,2.58,2.58,12.8,12.8,17,17,,,,97.6,7.33,,,,,,,,,,,,,,23.8,25.6
,76.1x3.6 CHS,-,6.44,76.1,76.1,3.6,3.6,,,,,,,,0.239,37,54,54,2.57,2.57,14.2,14.2,18.9,18.9,,,,108,8.2,,,,,,,,,,,,,,21.1,28.4
,76.1x4 CHS,-,7.11,76.1,76.1,4,4,,,,,,,,0.239,33.7,59.1,59.1,2.55,2.55,15.5,15.5,20.8,20.8,,,,118,9.06,,,,,,,,,,,,,,19,31
,76.1x4.5 CHS,-,7.95,76.1,76.1,4.5,4.5,,,,,,,,0.239,30.1,65.1,65.1,2.54,2.54,17.1,17.1,23.1,23.1,,,,130,10.1,,,,,,,,,,,,,,16.9,34.2
,76.1x5 CHS,-,8.77,76.1,76.1,5,5,,,,,,,,0.239,27.2,70.9,70.9,2.52,2.52,18.6,18.6,25.3,25.3,,,,142,11.2,,,,,,,,,,,,,,15.2,37.3
,76.1x5.6 CHS,-,9.74,76.1,76.1,5.6,5.6,,,,,,,,0.239,24.6,77.5,77.5,2.5,2.5,20.4,20.4,27.9,27.9,,,,155,12.4,,,,,,,,,,,,,,13.6,40.8
,76.1x6.3 CHS,-,10.8,76.1,76.1,6.3,6.3,,,,,,,,0.239,22,84.8,84.8,2.48,2.48,22.3,22.3,30.8,30.8,,,,170,13.8,,,,,,,,,,,,,,12.1,44.6
,76.1x8 CHS,-,13.4,76.1,76.1,8,8,,,,,,,,0.239,17.8,101,101,2.42,2.42,26.4,26.4,37.3,37.3,,,,201,17.1,,,,,,,,,,,,,,9.51,52.9
,88.9x2.9 CHS,-,6.15,88.9,88.9,2.9,2.9,,,,,,,,0.279,45.5,72.5,72.5,3.04,3.04,16.3,16.3,21.5,21.5,,,,145,7.84,,,,,,,,,,,,,,30.7,32.6
,88.9x3.2 CHS,-,6.76,88.9,88.9,3.2,3.2,,,,,,,,0.279,41.3,79.2,79.2,3.03,3.03,17.8,17.8,23.5,23.5,,,,158,8.62,,,,,,,,,,,,,,27.8,35.6
,88.9x3.6 CHS,-,7.57,88.9,88.9,3.6,3.6,,,,,,,,0.279,36.8,87.9,87.9,3.02,3.02,19.8,19.8,26.2,26.2,,,,176,9.65,,,,,,,,,,,,,,24.7,39.5
,88.9x4 CHS,-,8.38,88.9,88.9,4,4,,,,,,,,0.279,33.2,96.3,96.3,3,3,21.7,21.7,28.9,28.9,,,,193,10.7,,,,,,,,,,,,,,22.2,43.3
,88.9x4.5 CHS,-,9.37,88.9,88.9,4.5,4.5,,,,,,,,0.279,29.9,107,107,2.99,2.99,24,24,32.1,32.1,,,,213,11.9,,,,,,,,,,,,,,19.8,47.9
,88.9x5 CHS,-,10.3,88.9,88.9,5,5,,,,,,,,0.279,27,116,116,2.97,2.97,26.2,26.2,35.2,35.2,,,,233,13.2,,,,,,,,,,,,,,17.8,52.4
,88.9x5.6 CHS,-,11.5,88.9,88.9,5.6,5.6,,,,,,,,0.279,24.2,128,128,2.95,2.95,28.7,28.7,38.9,38.9,,,,255,14.7,,,,,,,,,,,,,,15.9,57.5
,88.9x6.3 CHS,-,12.8,88.9,88.9,6.3,6.3,,,,,,,,0.279,21.7,140,140,2.93,2.93,31.5,31.5,43.1,43.1,,,,280,16.3,,,,,,,,,,,,,,14.1,63.1
,88.9x8 CHS,-,16,88.9,88.9,8,8,,,,,,,,0.279,17.5,168,168,2.87,2.87,37.8,37.8,52.5,52.5,,,,336,20.3,,,,,,,,,,,,,,11.1,75.6
,88.9x10 CHS,-,19.5,88.9,88.9,10,10,,,,,,,,0.279,14.3,196,196,2.81,2.81,44.1,44.1,62.6,62.6,,,,392,24.8,,,,,,,,,,,,,,8.89,88.2
,101.6x3.2 CHS,-,7.77,101.6,101.6,3.2,3.2,,,,,,,,0.319,41.2,120,120,3.48,3.48,23.6,23.6,31,31,,,,240,9.89,,,,,,,,,,,,,,31.7,47.2
,101.6x3.6 CHS,-,8.7,101.6,101.6,3.6,3.6,,,,,,,,0.319,36.7,133,133,3.47,3.47,26.2,26.2,34.6,34.6,,,,266,11.1,,,,,,,,,,,,,,28.2,52.5
,101.6x4 CHS,-,9.63,101.6,101.6,4,4,,,,,,,,0.319,33.2,146,146,3.45,3.45,28.8,28.8,38.1,38.1,,,,293,12.3,,,,,,,,,,,,,,25.4,57.6
,101.6x4.5 CHS,-,10.8,101.6,101.6,4.5,4.5,,,,,,,,0.319,29.6,162,162,3.44,3.44,31.9,31.9,42.5,42.5,,,,324,13.7,,,,,,,,,,,,,,22.6,63.8
,101.6x5 CHS,-,11.9,101.6,101.6,5,5,,,,,,,,0.319,26.8,177,177,3.42,3.42,34.9,34.9,46.7,46.7,,,,355,15.2,,,,,,,,,,,,,,20.3,69.9
,101.6x5.6 CHS,-,13.3,101.6,101.6,5.6,5.6,,,,,,,,0.319,24.1,195,195,3.4,3.4,38.4,38.4,51.7,51.7,,,,390,16.9,,,,,,,,,,,,,,18.1,76.9
,101.6x6.3 CHS,-,14.8,101.6,101.6,6.3,6.3,,,,,,,,0.319,21.5,215,215,3.38,3.38,42.3,42.3,57.3,57.3,,,,430,18.9,,,,,,,,,,,,,,16.1,84.7
,101.6x8 CHS,-,18.5,101.6,101.6,8,8,,,,,,,,0.319,17.3,260,260,3.32,3.32,51.1,51.1,70.3,70.3,,,,519,23.5,,,,,,,,,,,,,,12.7,102
,101.6x10 CHS,-,22.6,101.6,101.6,10,10,,,,,,,,0.319,14.1,305,305,3.26,3.26,60.1,60.1,84.2,84.2,,,,611,28.8,,,,,,,,,,,,,,10.2,120
,114.3x3.2 CHS,-,8.77,114.3,114.3,3.2,3.2,,,,,,,,0.359,40.9,172,172,3.93,3.93,30.2,30.2,39.5,39.5,,,,345,11.2,,,,,,,,,,,,,,35.7,60.4
,114.3x3.6 CHS,-,9.83,114.3,114.3,3.6,3.6,,,,,,,,0.359,36.6,192,192,3.92,3.92,33.6,33.6,44.1,44.1,,,,384,12.5,,,,,,,,,,,,,,31.8,67.2
,114.3x4 CHS,-,10.9,114.3,114.3,4,4,,,,,,,,0.359,33,211,211,3.9,3.9,36.9,36.9,48.7,48.7,,,,422,13.9,,,,,,,,,,,,,,28.6,73.9
,114.3x4.5 CHS,-,12.2,114.3,114.3,4.5,4.5,,,,,,,,0.359,29.5,234,234,3.89,3.89,41,41,54.3,54.3,,,,469,15.5,,,,,,,,,,,,,,25.4,82
,114.3x5 CHS,-,13.5,114.3,114.3,5,5,,,,,,,,0.359,26.6,257,257,3.87,3.87,45,45,59.8,59.8,,,,514,17.2,,,,,,,,,,,,,,22.9,89.9
,114.3x5.6 CHS,-,15,114.3,114.3,5.6,5.6,,,,,,,,0.359,23.9,283,283,3.85,3.85,49.6,49.6,66.2,66.2,,,,566,19.1,,,,,,,,,,,,,,20.4,99.1
,114.3x6.3 CHS,-,16.8,114.3,114.3,6.3,6.3,,,,,,,,0.359,21.4,313,313,3.82,3.82,54.7,54.7,73.6,73.6,,,,625,21.4,,,,,,,,,,,,,,18.1,109
,114.3x8 CHS,-,21,114.3,114.3,8,8,,,,,,,,0.359,17.1,379,379,3.77,3.77,66.4,66.4,90.6,90.6,,,,759,26.7,,,,,,,,,,,,,,14.3,133
,114.3x10 CHS,-,25.7,114.3,114.3,10,10,,,,,,,,0.359,14,450,450,3.7,3.7,78.7,78.7,109,109,,,,899,32.8,,,,,,,,,,,,,,11.4,157
,139.7x3.2 CHS,-,10.8,139.7,139.7,3.2,3.2,,,,,,,,0.439,40.7,320,320,4.83,4.83,45.8,45.8,59.6,59.6,,,,640,13.7,,,,,,,,,,,,,,43.7,91.6
,139.7x3.6 CHS,-,12.1,139.7,139.7,3.6,3.6,,,,,,,,0.439,36.3,357,357,4.81,4.81,51.1,51.1,66.7,66.7,,,,713,15.4,,,,,,,,,,,,,,38.8,102
,139.7x4 CHS,-,13.4,139.7,139.7,4,4,,,,,,,,0.439,32.8,393,393,4.8,4.8,56.2,56.2,73.7,73.7,,,,786,17.1,,,,,,,,,,,,,,34.9,112
,139.7x4.5 CHS,-,15,139.7,139.7,4.5,4.5,,,,,,,,0.439,29.2,437,437,4.78,4.78,62.6,62.6,82.3,82.3,,,,874,19.1,,,,,,,,,,,,,,31,125
,139.7x5 CHS,-,16.6,139.7,139.7,5,5,,,,,,,,0.439,26.4,481,481,4.77,4.77,68.8,68.8,90.8,90.8,,,,961,21.2,,,,,,,,,,,,,,27.9,138
,139.7x5.6 CHS,-,18.5,139.7,139.7,5.6,5.6,,,,,,,,0.439,23.7,531,531,4.75,4.75,76.1,76.1,101,101,,,,1060,23.6,,,,,,,,,,,,,,24.9,152
,139.7x6.3 CHS,-,20.7,139.7,139.7,6.3,6.3,,,,,,,,0.439,21.2,589,589,4.72,4.72,84.3,84.3,112,112,,,,1180,26.4,,,,,,,,,,,,,,22.2,169
,139.7x8 CHS,-,26,139.7,139.7,8,8,,,,,,,,0.439,16.9,720,720,4.66,4.66,103,103,139,139,,,,1440,33.1,,,,,,,,,,,,,,17.5,206
,139.7x10 CHS,-,32,139.7,139.7,10,10,,,,,,,,0.439,13.7,862,862,4.6,4.6,123,123,169,169,,,,1720,40.7,,,,,,,,,,,,,,14,247
,139.7x12.5 CHS,-,39.2,139.7,139.7,12.5,12.5,,,,,,,,0.439,11.2,1020,1020,4.52,4.52,146,146,203,203,,,,2040,50,,,,,,,,,,,,,,11.2,292
,168.3x5 CHS,-,20.1,168.3,168.3,5,5,,,,,,,,0.529,26.3,856,856,5.78,5.78,102,102,133,133,,,,1710,25.7,,,,,,,,,,,,,,33.7,203
,168.3x5.6 CHS,-,22.5,168.3,168.3,5.6,5.6,,,,,,,,0.529,23.5,948,948,5.76,5.76,113,113,148,148,,,,1900,28.6,,,,,,,,,,,,,,30.1,225
,168.3x6.3 CHS,-,25.2,168.3,168.3,6.3,6.3,,,,,,,,0.529,21,1050,1050,5.73,5.73,125,125,165,165,,,,2110,32.1,,,,,,,,,,,,,,26.7,250
,168.3x8 CHS,-,31.6,168.3,168.3,8,8,,,,,,,,0.529,16.7,1300,1300,5.67,5.67,154,154,206,206,,,,2600,40.3,,,,,,,,,,,,,,21,308
,168.3x10 CHS,-,39,168.3,168.3,10,10,,,,,,,,0.529,13.5,1560,1560,5.61,5.61,186,186,251,251,,,,3130,49.7,,,,,,,,,,,,,,16.8,372
,168.3x12.5 CHS,-,48,168.3,168.3,12.5,12.5,,,,,,,,0.529,11,1870,1870,5.53,5.53,222,222,304,304,,,,3740,61.2,,,,,,,,,,,,,,13.5,444
,193.7x5 CHS,-,23.3,193.7,193.7,5,5,,,,,,,,0.609,26.2,1320,1320,6.67,6.67,136,136,178,178,,,,2640,29.6,,,,,,,,,,,,,,38.7,273
,193.7x5.6 CHS,-,26,193.7,193.7,5.6,5.6,,,,,,,,0.609,23.4,1470,1470,6.65,6.65,151,151,198,198,,,,2930,33.1,,,,,,,,,,,,,,34.6,303
,193.7x6.3 CHS,-,29.1,193.7,193.7,6.3,6.3,,,,,,,,0.609,20.9,1630,1630,6.63,6.63,168,168,221,221,,,,3260,37.1,,,,,,,,,,,,,,30.7,337
,193.7x8 CHS,-,36.6,193.7,193.7,8,8,,,,,,,,0.609,16.6,2020,2020,6.57,6.57,208,208,276,276,,,,4030,46.7,,,,,,,,,,,,,,24.2,416
,193.7x10 CHS,-,45.3,193.7,193.7,10,10,,,,,,,,0.609,13.5,2440,2440,6.5,6.5,252,252,338,338,,,,4880,57.7,,,,,,,,,,,,,,19.4,504
,193.7x12.5 CHS,-,55.9,193.7,193.7,12.5,12.5,,,,,,,,0.609,10.9,2930,2930,6.42,6.42,303,303,411,411,,,,5870,71.2,,,,,,,,,,,,,,15.5,606
,193.7x16 CHS,-,70.1,193.7,193.7,16,16,,,,,,,,0.609,8.71,3550,3550,6.31,6.31,367,367,507,507,,,,7110,89.3,,,,,,,,,,,,,,12.1,734
,219.1x4.5 CHS,-,23.8,219.1,219.1,4.5,4.5,,,,,,,,0.688,28.9,1750,1750,7.59,7.59,159,159,207,207,,,,3490,30.3,,,,,,,,,,,,,,48.7,319
,219.1x5 CHS,-,26.4,219.1,219.1,5,5,,,,,,,,0.688,26.1,1930,1930,7.57,7.57,176,176,229,229,,,,3860,33.6,,,,,,,,,,,,,,43.8,352
,219.1x5.6 CHS,-,29.5,219.1,219.1,5.6,5.6,,,,,,,,0.688,23.3,2140,2140,7.55,7.55,195,195,255,255,,,,4280,37.6,,,,,,,,,,,,,,39.1,391
,219.1x6.3 CHS,-,33.1,219.1,219.1,6.3,6.3,,,,,,,,0.688,20.8,2390,2390,7.53,7.53,218,218,285,285,,,,4770,42.1,,,,,,,,,,,,,,34.8,436
,219.1x8 CHS,-,41.6,219.1,219.1,8,8,,,,,,,,0.688,16.5,2960,2960,7.47,7.47,270,270,357,357,,,,5920,53.1,,,,,,,,,,,,,,27.4,540
,219.1x10 CHS,-,51.6,219.1,219.1,10,10,,,,,,,,0.688,13.3,3600,3600,7.4,7.4,328,328,438,438,,,,7200,65.7,,,,,,,,,,,,,,21.9,657
,219.1x12.5 CHS,-,63.7,219.1,219.1,12.5,12.5,,,,,,,,0.688,10.8,4350,4350,7.32,7.32,397,397,534,534,,,,8690,81.1,,,,,,,,,,,,,,17.5,793
,219.1x14.2 CHS,-,71.8,219.1,219.1,14.2,14.2,,,,,,,,0.688,9.56,4820,4820,7.26,7.26,440,440,597,597,,,,9640,91.4,,,,,,,,,,,,,,15.4,880
,219.1x16 CHS,-,80.1,219.1,219.1,16,16,,,,,,,,0.688,8.6,5300,5300,7.2,7.2,483,483,661,661,,,,10600,102,,,,,,,,,,,,,,13.7,967
,244.5x5 CHS,-,29.5,244.5,244.5,5,5,,,,,,,,0.768,26,2700,2700,8.47,8.47,221,221,287,287,,,,5400,37.6,,,,,,,,,,,,,,48.9,441
,244.5x5.6 CHS,-,33,244.5,244.5,5.6,5.6,,,,,,,,0.768,23.3,3000,3000,8.45,8.45,245,245,320,320,,,,6000,42,,,,,,,,,,,,,,43.7,491
,244.5x6.3 CHS,-,37,244.5,244.5,6.3,6.3,,,,,,,,0.768,20.7,3350,3350,8.42,8.42,274,274,358,358,,,,6690,47.1,,,,,,,,,,,,,,38.8,547
,244.5x8 CHS,-,46.7,244.5,244.5,8,8,,,,,,,,0.768,16.4,4160,4160,8.37,8.37,340,340,448,448,,,,8320,59.4,,,,,,,,,,,,,,30.6,681
,244.5x10 CHS,-,57.8,244.5,244.5,10,10,,,,,,,,0.768,13.3,5070,5070,8.3,8.3,415,415,550,550,,,,10100,73.7,,,,,,,,,,,,,,24.5,830
,244.5x12.5 CHS,-,71.5,244.5,244.5,12.5,12.5,,,,,,,,0.768,10.8,6150,6150,8.21,8.21,503,503,673,673,,,,12300,91.1,,,,,,,,,,,,,,19.6,1010
,244.5x14.2 CHS,-,80.6,244.5,244.5,14.2,14.2,,,,,,,,0.768,9.52,6840,6840,8.16,8.16,559,559,754,754,,,,13700,103,,,,,,,,,,,,,,17.2,1120
,244.5x16 CHS,-,90.2,244.5,244.5,16,16,,,,,,,,0.768,8.52,7530,7530,8.1,8.1,616,616,837,837,,,,15100,115,,,,,,,,,,,,,,15.3,1230
,273x5 CHS,-,33,273,273,5,5,,,,,,,,0.858,26,3780,3780,9.48,9.48,277,277,359,359,,,,7560,42.1,,,,,,,,,,,,,,54.6,554
,273x5.6 CHS,-,36.9,273,273,5.6,5.6,,,,,,,,0.858,23.3,4210,4210,9.46,9.46,308,308,400,400,,,,8410,47,,,,,,,,,,,,,,48.8,616
,273x6.3 CHS,-,41.4,273,273,6.3,6.3,,,,,,,,0.858,20.7,4700,4700,9.43,9.43,344,344,448,448,,,,9390,52.8,,,,,,,,,,,,,,43.3,688
,273x8 CHS,-,52.3,273,273,8,8,,,,,,,,0.858,16.4,5850,5850,9.37,9.37,429,429,562,562,,,,11700,66.6,,,,,,,,,,,,,,34.1,857
,273x10 CHS,-,64.9,273,273,10,10,,,,,,,,0.858,13.2,7150,7150,9.31,9.31,524,524,692,692,,,,14300,82.6,,,,,,,,,,,,,,27.3,1050
,273x12.5 CHS,-,80.3,273,273,12.5,12.5,,,,,,,,0.858,10.7,8700,8700,9.22,9.22,637,637,849,849,,,,17400,102,,,,,,,,,,,,,,21.8,1270
,273x14.2 CHS,-,90.6,273,273,14.2,14.2,,,,,,,,0.858,9.44,9700,9700,9.16,9.16,710,710,952,952,,,,19400,115,,,,,,,,,,,,,,19.2,1420
,273x16 CHS,-,101,273,273,16,16,,,,,,,,0.858,8.46,10700,10700,9.1,9.1,784,784,1060,1060,,,,21400,129,,,,,,,,,,,,,,17.1,1570
,323.9x5 CHS,-,39.3,323.9,323.9,5,5,,,,,,,,1.02,25.9,6370,6370,11.3,11.3,393,393,509,509,,,,12700,50.1,,,,,,,,,,,,,,64.8,787
,323.9x5.6 CHS,-,44,323.9,323.9,5.6,5.6,,,,,,,,1.02,23.2,7090,7090,11.3,11.3,438,438,567,567,,,,14200,56,,,,,,,,,,,,,,57.8,876
,323.9x6.3 CHS,-,49.3,323.9,323.9,6.3,6.3,,,,,,,,1.02,20.7,7930,7930,11.2,11.2,490,490,636,636,,,,15900,62.9,,,,,,,,,,,,,,51.4,979
,323.9x8 CHS,-,62.3,323.9,323.9,8,8,,,,,,,,1.02,16.3,9910,9910,11.2,11.2,612,612,799,799,,,,19800,79.4,,,,,,,,,,,,,,40.5,1220
,323.9x10 CHS,-,77.4,323.9,323.9,10,10,,,,,,,,1.02,13.2,12200,12200,11.1,11.1,751,751,986,986,,,,24300,98.6,,,,,,,,,,,,,,32.4,1500
,323.9x12.5 CHS,-,96,323.9,323.9,12.5,12.5,,,,,,,,1.02,10.6,14800,14800,11,11,917,917,1210,1210,,,,29700,122,,,,,,,,,,,,,,25.9,1830
,323.9x14.2 CHS,-,108,323.9,323.9,14.2,14.2,,,,,,,,1.02,9.4,16600,16600,11,11,1030,1030,1360,1360,,,,33200,138,,,,,,,,,,,,,,22.8,2050
,323.9x16 CHS,-,121,323.9,323.9,16,16,,,,,,,,1.02,8.39,18400,18400,10.9,10.9,1140,1140,1520,1520,,,,36800,155,,,,,,,,,,,,,,20.2,2270
,355.6x5 CHS,-,43.2,355.6,355.6,5,5,,,,,,,,1.12,25.9,8460,8460,12.4,12.4,476,476,615,615,,,,16900,55.1,,,,,,,,,,,,,,71.1,952
,355.6x6.3 CHS,-,54.3,355.6,355.6,6.3,6.3,,,,,,,,1.12,20.6,10500,10500,12.4,12.4,593,593,769,769,,,,21100,69.1,,,,,,,,,,,,,,56.4,1190
,355.6x8 CHS,-,68.6,355.6,355.6,8,8,,,,,,,,1.12,16.4,13200,13200,12.3,12.3,742,742,967,967,,,,26400,87.4,,,,,,,,,,,,,,44.5,1490
,355.6x10 CHS,-,85.2,355.6,355.6,10,10,,,,,,,,1.12,13.1,16200,16200,12.2,12.2,912,912,1200,1200,,,,32400,109,,,,,,,,,,,,,,35.6,1830
,355.6x12.5 CHS,-,106,355.6,355.6,12.5,12.5,,,,,,,,1.12,10.6,19900,19900,12.1,12.1,1120,1120,1470,1470,,,,39700,135,,,,,,,,,,,,,,28.4,2230
,355.6x14.2 CHS,-,120,355.6,355.6,14.2,14.2,,,,,,,,1.12,9.36,22200,22200,12.1,12.1,1250,1250,1660,1660,,,,44500,152,,,,,,,,,,,,,,25,2500
,355.6x16 CHS,-,134,355.6,355.6,16,16,,,,,,,,1.12,8.36,24700,24700,12,12,1390,1390,1850,1850,,,,49300,171,,,,,,,,,,,,,,22.2,2770
,406.4x6.3 CHS,-,62.2,406.4,406.4,6.3,6.3,,,,,,,,1.28,20.6,15800,15800,14.1,14.1,780,780,1010,1010,,,,31700,79.2,,,,,,,,,,,,,,64.5,1560
,406.4x8 CHS,-,78.6,406.4,406.4,8,8,,,,,,,,1.28,16.3,19900,19900,14.1,14.1,978,978,1270,1270,,,,39700,100,,,,,,,,,,,,,,50.8,1960
,406.4x10 CHS,-,97.8,406.4,406.4,10,10,,,,,,,,1.28,13.1,24500,24500,14,14,1210,1210,1570,1570,,,,49000,125,,,,,,,,,,,,,,40.6,2410
,406.4x12.5 CHS,-,121,406.4,406.4,12.5,12.5,,,,,,,,1.28,10.5,30000,30000,13.9,13.9,1480,1480,1940,1940,,,,60100,155,,,,,,,,,,,,,,32.5,2960
,406.4x14.2 CHS,-,137,406.4,406.4,14.2,14.2,,,,,,,,1.28,9.32,33700,33700,13.9,13.9,1660,1660,2190,2190,,,,67400,175,,,,,,,,,,,,,,28.6,3320
,406.4x16 CHS,-,154,406.4,406.4,16,16,,,,,,,,1.28,8.31,37400,37400,13.8,13.8,1840,1840,2440,2440,,,,74900,196,,,,,,,,,,,,,,25.4,3690
,457x6.3 CHS,-,70,457,457,6.3,6.3,,,,,,,,1.44,20.6,22700,22700,15.9,15.9,991,991,1280,1280,,,,45300,89.2,,,,,,,,,,,,,,72.5,1980
,457x8 CHS,-,88.6,457,457,8,8,,,,,,,,1.44,16.3,28400,28400,15.9,15.9,1250,1250,1610,1610,,,,56900,113,,,,,,,,,,,,,,57.1,2490
,457x10 CHS,-,110,457,457,10,10,,,,,,,,1.44,13.1,35100,35100,15.8,15.8,1540,1540,2000,2000,,,,70200,140,,,,,,,,,,,,,,45.7,3070
,457x12.5 CHS,-,137,457,457,12.5,12.5,,,,,,,,1.44,10.5,43100,43100,15.7,15.7,1890,1890,2470,2470,,,,86300,175,,,,,,,,,,,,,,36.6,3780
,457x14.2 CHS,-,155,457,457,14.2,14.2,,,,,,,,1.44,9.29,48500,48500,15.7,15.7,2120,2120,2790,2790,,,,96900,198,,,,,,,,,,,,,,32.2,4240
,457x16 CHS,-,174,457,457,16,16,,,,,,,,1.44,8.28,54000,54000,15.6,15.6,2360,2360,3110,3110,,,,108000,222,,,,,,,,,,,,,,28.6,4720
,508x6.3 CHS,-,77.9,508,508,6.3,6.3,,,,,,,,1.6,20.5,31200,31200,17.7,17.7,1230,1230,1590,1590,,,,62500,99.3,,,,,,,,,,,,,,80.6,2460
,508x8 CHS,-,98.6,508,508,8,8,,,,,,,,1.6,16.2,39300,39300,17.7,17.7,1550,1550,2000,2000,,,,78600,126,,,,,,,,,,,,,,63.5,3090
,508x10 CHS,-,123,508,508,10,10,,,,,,,,1.6,13,48500,48500,17.6,17.6,1910,1910,2480,2480,,,,97000,156,,,,,,,,,,,,,,50.8,3820
,508x12.5 CHS,-,153,508,508,12.5,12.5,,,,,,,,1.6,10.5,59800,59800,17.5,17.5,2350,2350,3070,3070,,,,120000,195,,,,,,,,,,,,,,40.6,4710
,508x14.2 CHS,-,173,508,508,14.2,14.2,,,,,,,,1.6,9.25,67200,67200,17.5,17.5,2650,2650,3460,3460,,,,134000,220,,,,,,,,,,,,,,35.8,5290
,508x16 CHS,-,194,508,508,16,16,,,,,,,,1.6,8.24,74900,74900,17.4,17.4,2950,2950,3870,3870,,,,150000,247,,,,,,,,,,,,,,31.8,5900
